<?xml version="1.0"?>
<libraries>
    <library>
        <location>_editor/VvvebJs</location>
        <name>VvvebJs</name>
        <version>2.0.1</version>
        <license>Apache-2.0 license</license>
    </library>
    <library>
        <location>amd/src/dataTables.buttons.html5.js</location>
        <name>HTML5 export buttons for Buttons and DataTables</name>
        <version>1.3.3</version>
        <license>MIT license</license>
    </library>
    <library>
        <location>amd/src/dataTables.buttons.js</location>
        <name>Buttons for DataTables</name>
        <version>2.4.1</version>
        <license>MIT license</license>
    </library>
    <library>
        <location>amd/src/dataTables.buttons.print.js</location>
        <name>Print button for Buttons and DataTables</name>
        <version>2.4.1</version>
        <license>MIT license</license>
    </library>
    <library>
        <location>amd/src/dataTables.js</location>
        <name>DataTables</name>
        <version>1.10.15</version>
        <license>MIT license</license>
    </library>
    <library>
        <location>amd/src/iosCheckbox.js</location>
        <name>iosCheckbox.js</name>
        <version>1.0.0</version>
        <author>Ron Masas</author>
        <license>undefined</license>
        <url>https://github.com/masasron/iosCheckbox.js</url>
    </library>
    <library>
        <location>amd/src/jszip.js</location>
        <name>iosCheckbox.js</name>
        <version>3.10.1</version>
        <license>MIT license</license>
    </library>
    <library>
        <location>amd/src/maskedinput.js</location>
        <name>jQuery Masked Input Plugin</name>
        <version>1.4.1</version>
        <license>MIT license</license>
    </library>
    <library>
        <location>amd/src/validate.js</location>
        <name>jQuery Validation Plugin</name>
        <version>1.15.0</version>
        <license>MIT license</license>
    </library>
    <library>
        <location>assets/dropzone</location>
        <name>Dropzone</name>
        <version>4.1.0</version>
        <license>MIT license</license>
    </library>
</libraries>
